Federal Funds Rate,GDP,CPI,Non-Farm Employment,Unemployment Rate,date
0.8,243.164,21.48,29923,3.4,1939-01-01
0.8,243.164,21.48,30100,3.4,1939-02-01
0.8,243.164,21.48,30280,3.4,1939-03-01
0.8,243.164,21.48,30094,3.4,1939-04-01
0.8,243.164,21.48,30299,3.4,1939-05-01
0.8,243.164,21.48,30502,3.4,1939-06-01
0.8,243.164,21.48,30419,3.4,1939-07-01
0.8,243.164,21.48,30663,3.4,1939-08-01
0.8,243.164,21.48,31031,3.4,1939-09-01
0.8,243.164,21.48,31411,3.4,1939-10-01
0.8,243.164,21.48,31470,3.4,1939-11-01
0.8,243.164,21.48,31542,3.4,1939-12-01
0.8,243.164,21.48,31603,3.4,1940-01-01
0.8,243.164,21.48,31715,3.4,1940-02-01
0.8,243.164,21.48,31825,3.4,1940-03-01
0.8,243.164,21.48,31701,3.4,1940-04-01
0.8,243.164,21.48,31879,3.4,1940-05-01
0.8,243.164,21.48,31977,3.4,1940-06-01
0.8,243.164,21.48,31942,3.4,1940-07-01
0.8,243.164,21.48,32352,3.4,1940-08-01
0.8,243.164,21.48,32810,3.4,1940-09-01
0.8,243.164,21.48,33267,3.4,1940-10-01
0.8,243.164,21.48,33669,3.4,1940-11-01
0.8,243.164,21.48,34174,3.4,1940-12-01
0.8,243.164,21.48,34481,3.4,1941-01-01
0.8,243.164,21.48,34843,3.4,1941-02-01
0.8,243.164,21.48,35092,3.4,1941-03-01
0.8,243.164,21.48,35468,3.4,1941-04-01
0.8,243.164,21.48,36182,3.4,1941-05-01
0.8,243.164,21.48,36650,3.4,1941-06-01
0.8,243.164,21.48,37137,3.4,1941-07-01
0.8,243.164,21.48,37544,3.4,1941-08-01
0.8,243.164,21.48,37835,3.4,1941-09-01
0.8,243.164,21.48,37949,3.4,1941-10-01
0.8,243.164,21.48,38024,3.4,1941-11-01
0.8,243.164,21.48,38104,3.4,1941-12-01
0.8,243.164,21.48,38347,3.4,1942-01-01
0.8,243.164,21.48,38512,3.4,1942-02-01
0.8,243.164,21.48,38935,3.4,1942-03-01
0.8,243.164,21.48,39352,3.4,1942-04-01
0.8,243.164,21.48,39771,3.4,1942-05-01
0.8,243.164,21.48,40029,3.4,1942-06-01
0.8,243.164,21.48,40472,3.4,1942-07-01
0.8,243.164,21.48,40988,3.4,1942-08-01
0.8,243.164,21.48,41259,3.4,1942-09-01
0.8,243.164,21.48,41515,3.4,1942-10-01
0.8,243.164,21.48,41674,3.4,1942-11-01
0.8,243.164,21.48,41915,3.4,1942-12-01
0.8,243.164,21.48,42172,3.4,1943-01-01
0.8,243.164,21.48,42393,3.4,1943-02-01
0.8,243.164,21.48,42552,3.4,1943-03-01
0.8,243.164,21.48,42647,3.4,1943-04-01
0.8,243.164,21.48,42596,3.4,1943-05-01
0.8,243.164,21.48,42781,3.4,1943-06-01
0.8,243.164,21.48,42700,3.4,1943-07-01
0.8,243.164,21.48,42546,3.4,1943-08-01
0.8,243.164,21.48,42492,3.4,1943-09-01
0.8,243.164,21.48,42675,3.4,1943-10-01
0.8,243.164,21.48,42821,3.4,1943-11-01
0.8,243.164,21.48,42746,3.4,1943-12-01
0.8,243.164,21.48,42654,3.4,1944-01-01
0.8,243.164,21.48,42538,3.4,1944-02-01
0.8,243.164,21.48,42294,3.4,1944-03-01
0.8,243.164,21.48,42063,3.4,1944-04-01
0.8,243.164,21.48,41985,3.4,1944-05-01
0.8,243.164,21.48,41947,3.4,1944-06-01
0.8,243.164,21.48,41904,3.4,1944-07-01
0.8,243.164,21.48,41850,3.4,1944-08-01
0.8,243.164,21.48,41679,3.4,1944-09-01
0.8,243.164,21.48,41708,3.4,1944-10-01
0.8,243.164,21.48,41711,3.4,1944-11-01
0.8,243.164,21.48,41860,3.4,1944-12-01
0.8,243.164,21.48,41895,3.4,1945-01-01
0.8,243.164,21.48,41897,3.4,1945-02-01
0.8,243.164,21.48,41798,3.4,1945-03-01
0.8,243.164,21.48,41446,3.4,1945-04-01
0.8,243.164,21.48,41304,3.4,1945-05-01
0.8,243.164,21.48,41149,3.4,1945-06-01
0.8,243.164,21.48,40874,3.4,1945-07-01
0.8,243.164,21.48,40466,3.4,1945-08-01
0.8,243.164,21.48,38507,3.4,1945-09-01
0.8,243.164,21.48,38600,3.4,1945-10-01
0.8,243.164,21.48,38996,3.4,1945-11-01
0.8,243.164,21.48,39110,3.4,1945-12-01
0.8,243.164,21.48,39829,3.4,1946-01-01
0.8,243.164,21.48,39244,3.4,1946-02-01
0.8,243.164,21.48,40195,3.4,1946-03-01
0.8,243.164,21.48,40913,3.4,1946-04-01
0.8,243.164,21.48,41349,3.4,1946-05-01
0.8,243.164,21.48,41735,3.4,1946-06-01
0.8,243.164,21.48,42153,3.4,1946-07-01
0.8,243.164,21.48,42642,3.4,1946-08-01
0.8,243.164,21.48,42915,3.4,1946-09-01
0.8,243.164,21.48,43093,3.4,1946-10-01
0.8,243.164,21.48,43395,3.4,1946-11-01
0.8,243.164,21.48,43379,3.4,1946-12-01
0.8,243.164,21.48,43535,3.4,1947-01-01
0.8,244.09866666666665,21.62,43557,3.4,1947-02-01
0.8,245.03333333333333,22.0,43607,3.4,1947-03-01
0.8,245.968,22.0,43499,3.4,1947-04-01
0.8,247.17366666666666,21.95,43638,3.4,1947-05-01
0.8,248.37933333333334,22.08,43810,3.4,1947-06-01
0.8,249.585,22.23,43743,3.4,1947-07-01
0.8,252.97166666666666,22.4,43960,3.4,1947-08-01
0.8,256.35833333333335,22.84,44203,3.4,1947-09-01
0.8,259.745,22.91,44411,3.4,1947-10-01
0.8,261.744,23.06,44484,3.4,1947-11-01
0.8,263.743,23.41,44581,3.4,1947-12-01
0.8,265.742,23.68,44679,3.4,1948-01-01
0.8,268.017,23.67,44533,3.8,1948-02-01
0.8,270.29200000000003,23.5,44683,4.0,1948-03-01
0.8,272.567,23.82,44379,3.9,1948-04-01
0.8,274.7766666666667,24.01,44796,3.5,1948-05-01
0.8,276.98633333333333,24.15,45034,3.6,1948-06-01
0.8,279.196,24.4,45160,3.6,1948-07-01
0.8,279.586,24.43,45178,3.9,1948-08-01
0.8,279.976,24.36,45294,3.8,1948-09-01
0.8,280.366,24.31,45245,3.7,1948-10-01
0.8,278.58866666666665,24.16,45192,3.8,1948-11-01
0.8,276.8113333333333,24.05,45032,4.0,1948-12-01
0.8,275.034,24.01,44668,4.3,1949-01-01
0.8,273.8063333333333,23.91,44497,4.7,1949-02-01
0.8,272.57866666666666,23.91,44240,5.0,1949-03-01
0.8,271.351,23.92,44236,5.3,1949-04-01
0.8,271.8636666666667,23.91,43984,6.1,1949-05-01
0.8,272.3763333333333,23.92,43739,6.2,1949-06-01
0.8,272.889,23.7,43531,6.7,1949-07-01
0.8,272.135,23.7,43624,6.8,1949-08-01
0.8,271.38100000000003,23.75,43780,6.6,1949-09-01
0.8,270.627,23.67,42942,7.9,1949-10-01
0.8,274.02733333333333,23.7,43242,6.4,1949-11-01
0.8,277.42766666666665,23.61,43522,6.6,1949-12-01
0.8,280.828,23.51,43526,6.5,1950-01-01
0.8,284.013,23.61,43297,6.4,1950-02-01
0.8,287.198,23.64,43954,6.3,1950-03-01
0.8,290.383,23.65,44382,5.8,1950-04-01
0.8,296.3063333333333,23.77,44718,5.5,1950-05-01
0.8,302.2296666666667,23.88,45083,5.4,1950-06-01
0.8,308.153,24.07,45454,5.0,1950-07-01
0.8,312.08366666666666,24.2,46192,4.5,1950-08-01
0.8,316.01433333333335,24.34,46438,4.4,1950-09-01
0.8,319.945,24.5,46706,4.2,1950-10-01
0.8,325.2966666666667,24.6,46776,4.2,1950-11-01
0.8,330.6483333333333,24.98,46861,4.3,1950-12-01
0.8,336.0,25.38,47288,3.7,1951-01-01
0.8,338.69666666666666,25.83,47577,3.4,1951-02-01
0.8,341.3933333333333,25.88,47873,3.4,1951-03-01
0.8,344.09,25.92,47861,3.1,1951-04-01
0.8,346.52166666666665,25.99,47952,3.0,1951-05-01
0.8,348.9533333333333,25.93,48064,3.2,1951-06-01
0.8,351.385,25.91,48061,3.1,1951-07-01
0.8,352.98266666666666,25.86,48012,3.1,1951-08-01
0.8,354.58033333333333,26.03,47954,3.3,1951-09-01
0.8,356.178,26.16,48006,3.5,1951-10-01
0.8,357.392,26.32,48147,3.5,1951-11-01
0.8,358.606,26.47,48314,3.1,1951-12-01
0.8,359.82,26.45,48296,3.2,1952-01-01
0.8,360.2233333333333,26.41,48522,3.1,1952-02-01
0.8,360.62666666666667,26.39,48504,2.9,1952-03-01
0.8,361.03,26.46,48620,2.9,1952-04-01
0.8,363.2536666666667,26.47,48642,3.0,1952-05-01
0.8,365.4773333333333,26.53,48282,3.0,1952-06-01
0.8,367.701,26.68,48143,3.2,1952-07-01
0.8,372.07133333333337,26.69,48924,3.4,1952-08-01
0.8,376.44166666666666,26.63,49320,3.1,1952-09-01
0.8,380.812,26.69,49597,3.0,1952-10-01
0.8,383.20133333333337,26.69,49816,2.8,1952-11-01
0.8,385.59066666666666,26.71,50166,2.7,1952-12-01
0.8,387.98,26.64,50144,2.9,1953-01-01
0.8,389.23633333333333,26.59,50339,2.6,1953-02-01
0.8,390.4926666666667,26.63,50473,2.6,1953-03-01
0.8,391.749,26.69,50435,2.7,1953-04-01
0.8,391.5563333333333,26.7,50490,2.5,1953-05-01
0.8,391.3636666666667,26.77,50519,2.5,1953-06-01
0.8,391.171,26.79,50536,2.6,1953-07-01
0.8,389.43733333333336,26.85,50489,2.7,1953-08-01
0.8,387.70366666666666,26.89,50368,2.9,1953-09-01
0.8,385.97,26.95,50240,3.1,1953-10-01
0.8,385.7616666666667,26.85,49908,3.5,1953-11-01
0.8,385.55333333333334,26.87,49703,4.5,1953-12-01
0.8,385.345,26.94,49469,4.9,1954-01-01
0.8,385.6036666666667,26.99,49382,5.2,1954-02-01
0.8,385.8623333333333,26.93,49157,5.7,1954-03-01
0.8,386.121,26.86,49179,5.9,1954-04-01
0.8,387.746,26.93,48965,5.9,1954-05-01
0.8,389.371,26.94,48895,5.6,1954-06-01
0.8,390.996,26.86,48835,5.8,1954-07-01
1.22,393.90866666666665,26.85,48826,6.0,1954-08-01
1.07,396.8213333333333,26.81,48886,6.1,1954-09-01
0.85,399.734,26.72,48942,5.7,1954-10-01
0.83,404.1803333333333,26.78,49180,5.3,1954-11-01
1.28,408.62666666666667,26.77,49331,5.0,1954-12-01
1.39,413.073,26.77,49496,4.9,1955-01-01
1.29,415.8926666666666,26.82,49644,4.7,1955-02-01
1.35,418.71233333333333,26.79,49962,4.6,1955-03-01
1.43,421.532,26.79,50248,4.7,1955-04-01
1.43,424.42833333333334,26.77,50512,4.3,1955-05-01
1.64,427.32466666666664,26.71,50790,4.2,1955-06-01
1.68,430.221,26.76,50987,4.0,1955-07-01
1.96,432.5113333333333,26.72,51111,4.2,1955-08-01
2.18,434.8016666666667,26.85,51266,4.1,1955-09-01
2.24,437.092,26.82,51429,4.3,1955-10-01
2.35,437.97666666666663,26.88,51592,4.2,1955-11-01
2.48,438.86133333333333,26.87,51805,4.2,1955-12-01
2.45,439.746,26.83,51975,4.0,1956-01-01
2.5,441.834,26.86,52167,3.9,1956-02-01
2.5,443.92199999999997,26.89,52294,4.2,1956-03-01
2.62,446.01,26.93,52375,4.0,1956-04-01
2.75,447.73699999999997,27.03,52506,4.3,1956-05-01
2.71,449.464,27.15,52586,4.3,1956-06-01
2.75,451.191,27.29,51955,4.4,1956-07-01
2.73,454.28166666666664,27.31,52631,4.1,1956-08-01
2.95,457.37233333333336,27.35,52604,3.9,1956-09-01
2.96,460.463,27.51,52777,3.9,1956-10-01
2.88,463.5683333333333,27.51,52821,4.3,1956-11-01
2.94,466.6736666666667,27.63,52929,4.2,1956-12-01
2.84,469.779,27.67,52887,4.2,1957-01-01
3.0,470.5276666666667,27.8,53097,3.9,1957-02-01
2.96,471.2763333333333,27.86,53156,3.7,1957-03-01
3.0,472.025,27.93,53238,3.9,1957-04-01
3.0,474.5133333333333,28.0,53150,4.1,1957-05-01
3.0,477.00166666666667,28.11,53067,4.3,1957-06-01
2.99,479.49,28.19,53123,4.2,1957-07-01
3.24,477.948,28.28,53128,4.1,1957-08-01
3.47,476.406,28.32,52934,4.4,1957-09-01
3.5,474.864,28.32,52763,4.5,1957-10-01
3.28,472.42266666666666,28.41,52558,5.1,1957-11-01
2.98,469.98133333333334,28.47,52384,5.2,1957-12-01
2.72,467.54,28.64,52076,5.8,1958-01-01
1.67,469.01933333333335,28.7,51576,6.4,1958-02-01
1.2,470.4986666666667,28.87,51299,6.7,1958-03-01
1.26,471.978,28.94,51027,7.4,1958-04-01
0.63,476.599,28.94,50914,7.4,1958-05-01
0.93,481.22,28.91,50914,7.3,1958-06-01
0.68,485.841,28.89,51039,7.5,1958-07-01
1.53,490.4123333333333,28.94,51233,7.4,1958-08-01
1.76,494.9836666666667,28.91,51506,7.1,1958-09-01
1.8,499.555,28.91,51485,6.7,1958-10-01
2.27,503.14666666666665,28.95,51944,6.2,1958-11-01
2.42,506.73833333333334,28.97,52085,6.2,1958-12-01
2.48,510.33,29.01,52478,6.0,1959-01-01
2.43,514.4376666666667,29.0,52688,5.9,1959-02-01
2.8,518.5453333333334,28.97,53014,5.6,1959-03-01
2.96,522.653,28.98,53321,5.2,1959-04-01
2.9,523.4466666666667,29.04,53550,5.1,1959-05-01
3.39,524.2403333333333,29.11,53681,5.0,1959-06-01
3.47,525.034,29.15,53804,5.1,1959-07-01
3.5,526.2226666666667,29.18,53336,5.2,1959-08-01
3.76,527.4113333333333,29.25,53428,5.5,1959-09-01
3.98,528.6,29.35,53358,5.7,1959-10-01
4.0,533.2826666666667,29.35,53634,5.8,1959-11-01
3.99,537.9653333333333,29.41,54174,5.3,1959-12-01
3.99,542.648,29.37,54274,5.2,1960-01-01
3.97,542.1253333333334,29.41,54513,4.8,1960-02-01
3.84,541.6026666666667,29.41,54454,5.4,1960-03-01
3.92,541.08,29.54,54813,5.2,1960-04-01
3.85,542.5880000000001,29.57,54475,5.1,1960-05-01
3.32,544.096,29.61,54348,5.4,1960-06-01
3.23,545.604,29.55,54306,5.5,1960-07-01
2.98,543.8016666666667,29.61,54272,5.6,1960-08-01
2.6,541.9993333333333,29.61,54227,5.5,1960-09-01
2.47,540.197,29.75,54142,6.1,1960-10-01
2.44,541.804,29.78,53961,6.1,1960-11-01
1.98,543.4110000000001,29.81,53742,6.6,1960-12-01
1.45,545.018,29.84,53683,6.6,1961-01-01
2.54,548.527,29.84,53557,6.9,1961-02-01
2.02,552.036,29.84,53659,6.9,1961-03-01
1.49,555.545,29.81,53627,7.0,1961-04-01
1.98,559.5846666666666,29.84,53786,7.1,1961-05-01
1.73,563.6243333333333,29.84,53977,6.9,1961-06-01
1.17,567.664,29.92,54123,7.0,1961-07-01
2.0,571.98,29.94,54298,6.6,1961-08-01
1.88,576.2959999999999,29.98,54388,6.7,1961-09-01
2.26,580.612,29.98,54522,6.5,1961-10-01
2.61,585.079,29.98,54742,6.1,1961-11-01
2.33,589.546,30.01,54872,6.0,1961-12-01
2.15,594.013,30.04,54891,5.8,1962-01-01
2.37,596.1306666666667,30.11,55188,5.5,1962-02-01
2.85,598.2483333333333,30.17,55275,5.6,1962-03-01
2.78,600.366,30.21,55602,5.6,1962-04-01
2.36,603.253,30.24,55628,5.5,1962-05-01
2.68,606.14,30.21,55644,5.5,1962-06-01
2.71,609.027,30.22,55746,5.4,1962-07-01
2.93,610.1113333333334,30.28,55838,5.7,1962-08-01
2.9,611.1956666666666,30.42,55978,5.6,1962-09-01
2.9,612.28,30.38,56041,5.4,1962-10-01
2.94,615.4106666666667,30.38,56056,5.7,1962-11-01
2.93,618.5413333333333,30.38,56028,5.5,1962-12-01
2.92,621.672,30.44,56115,5.7,1963-01-01
3.0,624.3653333333333,30.48,56230,5.9,1963-02-01
2.98,627.0586666666667,30.51,56320,5.7,1963-03-01
2.9,629.752,30.48,56580,5.7,1963-04-01
3.0,634.6493333333333,30.51,56616,5.9,1963-05-01
2.99,639.5466666666666,30.61,56659,5.6,1963-06-01
3.02,644.444,30.69,56794,5.6,1963-07-01
3.49,647.6086666666666,30.75,56910,5.4,1963-08-01
3.48,650.7733333333333,30.72,57078,5.5,1963-09-01
3.5,653.938,30.75,57283,5.5,1963-10-01
3.48,659.2326666666667,30.78,57255,5.7,1963-11-01
3.38,664.5273333333333,30.88,57361,5.5,1963-12-01
3.48,669.822,30.94,57487,5.6,1964-01-01
3.48,672.7726666666666,30.91,57753,5.4,1964-02-01
3.43,675.7233333333334,30.94,57897,5.4,1964-03-01
3.47,678.674,30.95,57922,5.3,1964-04-01
3.5,683.1263333333333,30.98,58089,5.1,1964-05-01
3.5,687.5786666666667,31.01,58219,5.2,1964-06-01
3.42,692.031,31.02,58412,4.9,1964-07-01
3.5,693.7936666666666,31.05,58619,5.0,1964-08-01
3.45,695.5563333333333,31.08,58903,5.1,1964-09-01
3.36,697.319,31.12,58793,5.1,1964-10-01
3.52,704.1426666666666,31.21,59218,4.8,1964-11-01
3.85,710.9663333333333,31.25,59421,5.0,1964-12-01
3.9,717.79,31.28,59582,4.9,1965-01-01
3.98,721.9236666666667,31.28,59800,5.1,1965-02-01
4.05,726.0573333333333,31.31,60003,4.7,1965-03-01
4.09,730.191,31.38,60259,4.8,1965-04-01
4.1,736.5683333333334,31.48,60491,4.6,1965-05-01
4.05,742.9456666666666,31.61,60690,4.6,1965-06-01
4.09,749.323,31.58,60965,4.4,1965-07-01
4.12,756.8343333333333,31.55,61228,4.4,1965-08-01
4.02,764.3456666666666,31.62,61490,4.3,1965-09-01
4.08,771.857,31.65,61719,4.2,1965-10-01
4.1,779.816,31.75,61996,4.1,1965-11-01
4.32,787.775,31.85,62322,4.0,1965-12-01
4.42,795.734,31.88,62529,4.0,1966-01-01
4.6,798.8163333333333,32.08,62796,3.8,1966-02-01
4.66,801.8986666666667,32.18,63192,3.8,1966-03-01
4.67,804.981,32.28,63437,3.8,1966-04-01
4.9,809.8666666666667,32.35,63712,3.9,1966-05-01
5.17,814.7523333333334,32.38,64111,3.8,1966-06-01
5.3,819.638,32.45,64301,3.8,1966-07-01
5.53,824.1926666666667,32.65,64507,3.8,1966-08-01
5.4,828.7473333333334,32.75,64643,3.7,1966-09-01
5.53,833.302,32.85,64854,3.7,1966-10-01
5.76,836.9246666666667,32.88,65019,3.6,1966-11-01
5.4,840.5473333333333,32.92,65199,3.8,1966-12-01
4.94,844.17,32.9,65407,3.9,1967-01-01
5.0,845.7743333333333,33.0,65429,3.8,1967-02-01
4.53,847.3786666666666,33.0,65530,3.8,1967-03-01
4.05,848.983,33.1,65466,3.8,1967-04-01
3.94,854.3996666666666,33.1,65620,3.8,1967-05-01
3.98,859.8163333333333,33.3,65750,3.9,1967-06-01
3.79,865.233,33.4,65888,3.8,1967-07-01
3.9,870.635,33.5,66143,3.8,1967-08-01
3.99,876.0369999999999,33.6,66164,3.8,1967-09-01
3.88,881.439,33.7,66225,4.0,1967-10-01
4.13,890.755,33.9,66703,3.9,1967-11-01
4.51,900.0709999999999,34.0,66900,3.8,1967-12-01
4.61,909.387,34.1,66804,3.7,1968-01-01
4.71,917.706,34.2,67215,3.8,1968-02-01
5.05,926.025,34.3,67295,3.7,1968-03-01
5.76,934.344,34.4,67556,3.5,1968-04-01
6.12,939.8376666666667,34.5,67652,3.5,1968-05-01
6.07,945.3313333333334,34.7,67905,3.7,1968-06-01
6.03,950.825,34.9,68126,3.7,1968-07-01
6.03,956.5600000000001,35.0,68330,3.5,1968-08-01
5.78,962.295,35.1,68484,3.4,1968-09-01
5.91,968.03,35.3,68721,3.4,1968-10-01
5.82,976.4656666666666,35.4,68984,3.4,1968-11-01
6.02,984.9013333333334,35.6,69248,3.4,1968-12-01
6.3,993.337,35.7,69439,3.4,1969-01-01
6.61,998.5646666666667,35.8,69699,3.4,1969-02-01
6.79,1003.7923333333333,36.1,69905,3.4,1969-03-01
7.41,1009.02,36.3,70072,3.4,1969-04-01
8.67,1015.9986666666666,36.4,70328,3.4,1969-05-01
8.9,1022.9773333333333,36.6,70636,3.5,1969-06-01
8.61,1029.956,36.8,70729,3.5,1969-07-01
9.19,1032.6863333333333,36.9,71008,3.5,1969-08-01
9.15,1035.4166666666665,37.1,70914,3.7,1969-09-01
9.0,1038.147,37.3,71121,3.7,1969-10-01
8.85,1042.498,37.5,71086,3.5,1969-11-01
8.97,1046.849,37.7,71241,3.5,1969-12-01
8.98,1051.2,37.9,71176,3.9,1970-01-01
8.98,1056.5916666666667,38.1,71305,4.2,1970-02-01
7.76,1061.9833333333333,38.3,71451,4.4,1970-03-01
8.1,1067.375,38.5,71348,4.6,1970-04-01
7.95,1073.603,38.6,71124,4.8,1970-05-01
7.61,1079.831,38.8,71029,4.9,1970-06-01
7.21,1086.059,38.9,71053,5.0,1970-07-01
6.62,1086.9086666666667,39.0,70937,5.1,1970-08-01
6.29,1087.7583333333332,39.2,70944,5.4,1970-09-01
6.2,1088.608,39.4,70521,5.5,1970-10-01
5.6,1104.124,39.6,70409,5.9,1970-11-01
4.9,1119.6399999999999,39.8,70792,6.1,1970-12-01
4.14,1135.156,39.9,70865,5.9,1971-01-01
3.72,1142.1943333333334,39.9,70807,5.9,1971-02-01
3.71,1149.2326666666665,40.0,70860,6.0,1971-03-01
4.16,1156.271,40.1,71036,5.9,1971-04-01
4.63,1163.4056666666665,40.3,71247,5.9,1971-05-01
4.91,1170.5403333333334,40.5,71254,5.9,1971-06-01
5.31,1177.675,40.6,71315,6.0,1971-07-01
5.57,1181.8823333333332,40.7,71373,6.1,1971-08-01
5.55,1186.0896666666667,40.8,71614,6.0,1971-09-01
5.2,1190.297,40.9,71642,5.8,1971-10-01
4.91,1203.7343333333333,41.0,71847,6.0,1971-11-01
4.14,1217.1716666666666,41.1,72109,6.0,1971-12-01
3.51,1230.609,41.2,72441,5.8,1972-01-01
3.3,1242.529,41.4,72648,5.7,1972-02-01
3.83,1254.4489999999998,41.4,72944,5.8,1972-03-01
4.17,1266.369,41.5,73162,5.7,1972-04-01
4.27,1274.4346666666665,41.6,73469,5.7,1972-05-01
4.46,1282.5003333333334,41.7,73758,5.7,1972-06-01
4.55,1290.566,41.8,73709,5.6,1972-07-01
4.81,1303.3453333333334,41.9,74141,5.6,1972-08-01
4.87,1316.1246666666666,42.1,74264,5.5,1972-09-01
5.05,1328.904,42.2,74674,5.6,1972-10-01
5.06,1345.0993333333333,42.4,74973,5.3,1972-11-01
5.33,1361.2946666666667,42.5,75268,5.2,1972-12-01
5.94,1377.49,42.7,75617,4.9,1973-01-01
6.58,1389.6223333333332,43.0,76014,5.0,1973-02-01
7.09,1401.7546666666667,43.4,76284,4.9,1973-03-01
7.12,1413.887,43.7,76455,5.0,1973-04-01
7.84,1420.5373333333332,43.9,76648,4.9,1973-05-01
8.49,1427.1876666666667,44.2,76887,4.9,1973-06-01
10.4,1433.838,44.2,76913,4.8,1973-07-01
10.5,1447.9883333333332,45.0,77168,4.8,1973-08-01
10.78,1462.1386666666667,45.2,77276,4.8,1973-09-01
10.01,1476.289,45.6,77607,4.6,1973-10-01
10.03,1481.2623333333333,45.9,77920,4.8,1973-11-01
9.95,1486.2356666666667,46.3,78031,4.9,1973-12-01
9.65,1491.209,46.8,78100,5.1,1974-01-01
8.97,1504.1580000000001,47.3,78254,5.2,1974-02-01
9.35,1517.107,47.8,78296,5.1,1974-03-01
10.51,1530.056,48.1,78382,5.1,1974-04-01
11.31,1540.046,48.6,78549,5.1,1974-05-01
11.93,1550.036,49.0,78604,5.4,1974-06-01
12.92,1560.026,49.3,78636,5.5,1974-07-01
12.01,1573.2436666666667,49.9,78619,5.5,1974-08-01
11.34,1586.4613333333334,50.6,78610,5.9,1974-09-01
10.06,1599.679,51.0,78630,6.0,1974-10-01
9.45,1605.1580000000001,51.5,78265,6.6,1974-11-01
8.53,1610.637,51.9,77652,7.2,1974-12-01
7.13,1616.116,52.3,77293,8.1,1975-01-01
6.24,1628.0283333333334,52.6,76918,8.1,1975-02-01
5.54,1639.9406666666666,52.8,76648,8.6,1975-03-01
5.49,1651.853,53.0,76460,8.8,1975-04-01
5.22,1671.1753333333334,53.1,76624,9.0,1975-05-01
5.55,1690.4976666666666,53.5,76521,8.8,1975-06-01
6.1,1709.82,54.0,76770,8.6,1975-07-01
6.14,1727.157,54.2,77153,8.4,1975-08-01
6.24,1744.494,54.6,77228,8.4,1975-09-01
5.82,1761.831,54.9,77540,8.4,1975-10-01
5.22,1781.383,55.3,77685,8.3,1975-11-01
5.2,1800.935,55.6,78017,8.2,1975-12-01
4.87,1820.487,55.8,78503,7.9,1976-01-01
4.77,1831.102,55.9,78816,7.7,1976-02-01
4.84,1841.717,56.0,79048,7.6,1976-03-01
4.82,1852.332,56.1,79292,7.7,1976-04-01
5.29,1863.7406666666668,56.4,79312,7.4,1976-05-01
5.48,1875.1493333333333,56.7,79376,7.6,1976-06-01
5.31,1886.558,57.0,79547,7.8,1976-07-01
5.29,1902.463,57.3,79704,7.8,1976-08-01
5.25,1918.368,57.6,79892,7.6,1976-09-01
5.02,1934.273,57.9,79911,7.7,1976-10-01
4.95,1952.398,58.1,80240,7.8,1976-11-01
4.65,1970.523,58.4,80448,7.8,1976-12-01
4.61,1988.648,58.7,80690,7.5,1977-01-01
4.68,2011.0683333333334,59.3,80988,7.6,1977-02-01
4.69,2033.4886666666666,59.6,81391,7.4,1977-03-01
4.73,2055.909,60.0,81728,7.2,1977-04-01
5.35,2076.7636666666667,60.2,82088,7.0,1977-05-01
5.39,2097.6183333333333,60.5,82488,7.2,1977-06-01
5.42,2118.473,60.8,82834,6.9,1977-07-01
5.9,2133.7386666666666,61.1,83075,7.0,1977-08-01
6.14,2149.0043333333333,61.3,83532,6.8,1977-09-01
6.47,2164.27,61.6,83800,6.8,1977-10-01
6.51,2177.1,62.0,84173,6.8,1977-11-01
6.56,2189.9300000000003,62.3,84410,6.4,1977-12-01
6.7,2202.76,62.7,84594,6.4,1978-01-01
6.78,2245.717666666667,63.0,84948,6.3,1978-02-01
6.79,2288.675333333333,63.4,85460,6.3,1978-03-01
6.89,2331.633,63.9,86162,6.1,1978-04-01
7.36,2352.7729999999997,64.5,86509,6.0,1978-05-01
7.6,2373.913,65.0,86950,5.9,1978-06-01
7.81,2395.053,65.5,87204,6.2,1978-07-01
8.04,2422.3516666666665,65.9,87483,5.9,1978-08-01
8.45,2449.6503333333335,66.5,87621,6.0,1978-09-01
8.96,2476.949,67.1,87956,5.8,1978-10-01
9.76,2493.5026666666668,67.5,88391,5.9,1978-11-01
10.03,2510.0563333333334,67.9,88671,6.0,1978-12-01
10.07,2526.61,68.5,88808,5.9,1979-01-01
10.06,2548.1556666666665,69.2,89055,5.9,1979-02-01
10.09,2569.7013333333334,69.9,89479,5.8,1979-03-01
10.01,2591.247,70.6,89417,5.8,1979-04-01
10.24,2616.686333333333,71.4,89789,5.6,1979-05-01
10.29,2642.125666666667,72.2,90108,5.7,1979-06-01
10.47,2667.565,73.0,90217,5.7,1979-07-01
10.94,2686.337666666667,73.7,90300,6.0,1979-08-01
11.43,2705.110333333333,74.4,90327,5.9,1979-09-01
13.77,2723.883,75.2,90481,6.0,1979-10-01
13.18,2745.869333333333,76.0,90573,5.9,1979-11-01
13.78,2767.855666666667,76.9,90672,6.0,1979-12-01
13.82,2789.842,78.0,90800,6.3,1980-01-01
14.13,2792.345333333333,79.0,90883,6.3,1980-02-01
17.19,2794.8486666666668,80.1,90994,6.3,1980-03-01
17.61,2797.352,80.9,90849,6.9,1980-04-01
10.98,2817.0623333333333,81.7,90420,7.5,1980-05-01
9.47,2836.7726666666667,82.5,90101,7.6,1980-06-01
9.03,2856.483,82.6,89840,7.8,1980-07-01
9.61,2899.507666666667,83.2,90099,7.7,1980-08-01
10.87,2942.532333333333,83.9,90213,7.5,1980-09-01
12.81,2985.557,84.7,90490,7.5,1980-10-01
15.85,3031.773333333333,85.6,90747,7.5,1980-11-01
18.9,3077.989666666667,86.4,90943,7.2,1980-12-01
19.08,3124.206,87.2,91033,7.5,1981-01-01
15.93,3136.9813333333336,88.0,91105,7.4,1981-02-01
14.7,3149.7566666666667,88.6,91210,7.4,1981-03-01
15.72,3162.532,89.1,91283,7.2,1981-04-01
18.52,3195.2243333333336,89.7,91296,7.5,1981-05-01
19.1,3227.9166666666665,90.5,91490,7.5,1981-06-01
19.04,3260.609,91.5,91601,7.2,1981-07-01
17.82,3267.345333333333,92.2,91565,7.4,1981-08-01
15.87,3274.081666666667,93.1,91477,7.6,1981-09-01
15.08,3280.818,93.4,91380,7.9,1981-10-01
13.31,3278.646,93.8,91171,8.3,1981-11-01
12.37,3276.474,94.1,90895,8.5,1981-12-01
13.22,3274.302,94.4,90565,8.6,1982-01-01
14.78,3293.5253333333335,94.7,90563,8.9,1982-02-01
14.68,3312.748666666667,94.7,90434,9.0,1982-03-01
14.94,3331.972,95.0,90150,9.3,1982-04-01
14.45,3343.422,95.9,90107,9.4,1982-05-01
14.15,3354.8720000000003,97.0,89865,9.6,1982-06-01
12.59,3366.322,97.5,89521,9.8,1982-07-01
10.12,3378.4016666666666,97.7,89363,9.8,1982-08-01
10.31,3390.4813333333336,97.7,89183,10.1,1982-09-01
9.71,3402.561,98.1,88907,10.4,1982-10-01
9.2,3426.1783333333333,98.0,88786,10.8,1982-11-01
8.95,3449.795666666667,97.7,88771,10.8,1982-12-01
8.68,3473.413,97.9,88990,10.4,1983-01-01
8.51,3508.558,98.0,88917,10.4,1983-02-01
8.77,3543.703,98.1,89090,10.3,1983-03-01
8.8,3578.848,98.8,89364,10.2,1983-04-01
8.63,3615.625,99.2,89644,10.1,1983-05-01
8.98,3652.402,99.4,90021,10.1,1983-06-01
9.37,3689.179,99.8,90437,9.4,1983-07-01
9.56,3724.3546666666666,100.1,90129,9.5,1983-08-01
9.45,3759.5303333333336,100.4,91247,9.2,1983-09-01
9.48,3794.706,100.8,91520,8.8,1983-10-01
9.34,3832.4886666666666,101.1,91875,8.5,1983-11-01
9.47,3870.2713333333336,101.4,92230,8.3,1983-12-01
9.56,3908.054,102.1,92673,8.0,1984-01-01
9.59,3941.9030000000002,102.6,93157,7.8,1984-02-01
9.91,3975.752,102.9,93429,7.8,1984-03-01
10.29,4009.601,103.3,93792,7.7,1984-04-01
10.32,4034.484,103.5,94098,7.4,1984-05-01
11.06,4059.367,103.7,94479,7.2,1984-06-01
11.23,4084.25,104.1,94789,7.5,1984-07-01
11.64,4105.683666666667,104.4,95032,7.5,1984-08-01
11.3,4127.117333333334,104.7,95344,7.3,1984-09-01
9.99,4148.551,105.1,95629,7.4,1984-10-01
9.43,4175.756666666667,105.3,95982,7.2,1984-11-01
8.38,4202.962333333333,105.5,96107,7.3,1984-12-01
8.35,4230.168,105.7,96372,7.3,1985-01-01
8.5,4251.741,106.3,96503,7.2,1985-02-01
8.58,4273.313999999999,106.8,96842,7.2,1985-03-01
8.27,4294.887,107.0,97038,7.3,1985-04-01
7.97,4325.515666666666,107.2,97312,7.2,1985-05-01
7.53,4356.144333333334,107.5,97459,7.4,1985-06-01
7.88,4386.773,107.7,97648,7.4,1985-07-01
7.9,4405.88,107.9,97840,7.1,1985-08-01
7.92,4424.987,108.1,98045,7.1,1985-09-01
7.99,4444.094,108.5,98233,7.1,1985-10-01
8.05,4465.3606666666665,109.0,98443,7.0,1985-11-01
8.27,4486.627333333334,109.5,98609,7.0,1985-12-01
8.14,4507.894,109.9,98732,6.7,1986-01-01
7.86,4520.376,109.7,98847,7.2,1986-02-01
7.48,4532.858,109.1,98934,7.2,1986-03-01
6.99,4545.34,108.7,99121,7.1,1986-04-01
6.85,4566.116333333333,109.0,99248,7.2,1986-05-01
6.92,4586.892666666667,109.4,99155,7.2,1986-06-01
6.56,4607.669,109.5,99473,7.0,1986-07-01
6.17,4624.321666666667,109.6,99588,6.9,1986-08-01
5.89,4640.974333333334,110.0,99934,7.0,1986-09-01
5.85,4657.627,110.2,100121,7.0,1986-10-01
6.04,4679.136666666667,110.4,100308,6.9,1986-11-01
6.91,4700.646333333333,110.8,100509,6.6,1986-12-01
6.43,4722.156,111.4,100678,6.6,1987-01-01
6.1,4750.157333333334,111.8,100919,6.6,1987-02-01
6.13,4778.158666666666,112.2,101164,6.6,1987-03-01
6.37,4806.16,112.7,101499,6.3,1987-04-01
6.85,4832.291666666667,113.0,101728,6.3,1987-05-01
6.73,4858.423333333333,113.5,101900,6.2,1987-06-01
6.58,4884.555,113.8,102247,6.1,1987-07-01
6.73,4925.701333333333,114.3,102420,6.0,1987-08-01
7.22,4966.847666666667,114.7,102647,5.9,1987-09-01
7.29,5007.994,115.0,103138,6.0,1987-10-01
6.69,5029.786666666667,115.4,103372,5.8,1987-11-01
6.77,5051.579333333333,115.6,103661,5.7,1987-12-01
6.83,5073.372,116.0,103753,5.7,1988-01-01
6.58,5112.26,116.2,104214,5.7,1988-02-01
6.58,5151.148,116.5,104489,5.7,1988-03-01
6.87,5190.036,117.2,104732,5.4,1988-04-01
7.09,5220.969,117.5,104962,5.6,1988-05-01
7.51,5251.902,118.0,105326,5.4,1988-06-01
7.75,5282.835,118.5,105550,5.4,1988-07-01
8.01,5321.726333333333,119.0,105674,5.6,1988-08-01
8.19,5360.617666666667,119.5,106013,5.4,1988-09-01
8.3,5399.509,119.9,106276,5.4,1988-10-01
8.35,5436.757,120.3,106617,5.3,1988-11-01
8.76,5474.005,120.7,106898,5.3,1988-12-01
9.12,5511.253,121.2,107161,5.4,1989-01-01
9.36,5544.989666666666,121.6,107427,5.2,1989-02-01
9.85,5578.726333333333,122.2,107621,5.0,1989-03-01
9.84,5612.463,123.1,107791,5.2,1989-04-01
9.81,5640.097,123.7,107913,5.2,1989-05-01
9.53,5667.731,124.1,108027,5.3,1989-06-01
9.24,5695.365,124.5,108069,5.2,1989-07-01
8.99,5712.655666666667,124.5,108120,5.2,1989-08-01
9.02,5729.946333333333,124.8,108369,5.3,1989-09-01
8.84,5747.237,125.4,108476,5.3,1989-10-01
8.55,5789.058333333333,125.9,108752,5.4,1989-11-01
8.45,5830.879666666667,126.3,108836,5.4,1989-12-01
8.23,5872.701,127.5,109188,5.4,1990-01-01
8.24,5901.81,128.0,109432,5.3,1990-02-01
8.28,5930.919,128.6,109636,5.2,1990-03-01
8.26,5960.028,128.9,109670,5.4,1990-04-01
8.18,5978.390666666667,129.1,109833,5.4,1990-05-01
8.29,5996.753333333333,129.9,109857,5.2,1990-06-01
8.15,6015.116,130.5,109823,5.5,1990-07-01
8.13,6011.655,131.6,109609,5.7,1990-08-01
8.2,6008.194,132.5,109521,5.9,1990-09-01
8.11,6004.733,133.4,109373,5.9,1990-10-01
7.81,6014.881333333334,133.7,109220,6.2,1990-11-01
7.31,6025.029666666666,134.2,109172,6.3,1990-12-01
6.91,6035.178,134.7,109050,6.4,1991-01-01
6.25,6065.739333333333,134.8,108731,6.6,1991-02-01
6.12,6096.300666666667,134.8,108568,6.8,1991-03-01
5.91,6126.862,135.1,108351,6.7,1991-04-01
5.78,6153.220333333334,135.6,108249,6.9,1991-05-01
5.9,6179.578666666666,136.0,108337,6.9,1991-06-01
5.82,6205.937,136.2,108290,6.8,1991-07-01
5.66,6225.471333333333,136.6,108301,6.9,1991-08-01
5.45,6245.005666666667,137.0,108334,6.9,1991-09-01
5.21,6264.54,137.2,108361,7.0,1991-10-01
4.81,6297.394,137.8,108301,7.0,1991-11-01
4.43,6330.248,138.2,108333,7.3,1991-12-01
4.03,6363.102,138.3,108367,7.3,1992-01-01
4.06,6398.989,138.6,108313,7.4,1992-02-01
3.98,6434.876,139.1,108360,7.4,1992-03-01
3.73,6470.763,139.4,108515,7.4,1992-04-01
3.82,6502.722333333333,139.7,108648,7.6,1992-05-01
3.76,6534.681666666666,140.1,108717,7.8,1992-06-01
3.25,6566.641,140.5,108799,7.7,1992-07-01
3.3,6604.695,140.8,108922,7.6,1992-08-01
3.22,6642.749,141.1,108955,7.6,1992-09-01
3.1,6680.803,141.7,109135,7.3,1992-10-01
3.09,6697.0216666666665,142.1,109279,7.4,1992-11-01
2.92,6713.240333333333,142.3,109502,7.4,1992-12-01
3.02,6729.459,142.8,109794,7.3,1993-01-01
3.03,6755.952333333334,143.1,110044,7.1,1993-02-01
3.07,6782.4456666666665,143.3,109992,7.0,1993-03-01
2.96,6808.939,143.8,110295,7.1,1993-04-01
3.0,6833.325333333333,144.2,110570,7.1,1993-05-01
3.04,6857.711666666667,144.3,110751,7.0,1993-06-01
3.06,6882.098,144.5,111060,6.9,1993-07-01
3.03,6925.978,144.8,111209,6.8,1993-08-01
3.09,6969.858,145.0,111455,6.7,1993-09-01
2.99,7013.738,145.6,111733,6.8,1993-10-01
3.02,7047.709333333333,146.0,111989,6.6,1993-11-01
2.96,7081.680666666667,146.3,112323,6.5,1993-12-01
3.05,7115.652,146.3,112598,6.6,1994-01-01
3.25,7159.411666666667,146.7,112779,6.6,1994-02-01
3.34,7203.171333333333,147.1,113240,6.5,1994-03-01
3.56,7246.931,147.2,113587,6.4,1994-04-01
4.01,7274.978999999999,147.5,113923,6.1,1994-05-01
4.25,7303.027,147.9,114237,6.1,1994-06-01
4.26,7331.075,148.4,114607,6.1,1994-07-01
4.47,7372.479333333333,149.0,114899,6.0,1994-08-01
4.73,7413.883666666667,149.3,115254,5.9,1994-09-01
4.76,7455.288,149.4,115457,5.8,1994-10-01
5.29,7477.621666666666,149.8,115872,5.6,1994-11-01
5.45,7499.955333333333,150.1,116174,5.5,1994-12-01
5.53,7522.289,150.5,116504,5.6,1995-01-01
5.92,7541.858333333334,150.9,116692,5.4,1995-02-01
5.98,7561.4276666666665,151.2,116907,5.4,1995-03-01
6.05,7580.997,151.8,117065,5.8,1995-04-01
6.01,7615.039666666667,152.1,117050,5.6,1995-05-01
6.0,7649.082333333334,152.4,117285,5.6,1995-06-01
5.85,7683.125,152.6,117377,5.7,1995-07-01
5.74,7712.945333333333,152.9,117639,5.7,1995-08-01
5.8,7742.765666666667,153.1,117880,5.6,1995-09-01
5.76,7772.586,153.5,118029,5.5,1995-10-01
5.8,7804.546666666667,153.7,118168,5.6,1995-11-01
5.6,7836.507333333333,153.9,118325,5.6,1995-12-01
5.56,7868.468,154.7,118318,5.6,1996-01-01
5.22,7923.258666666667,155.0,118734,5.5,1996-02-01
5.31,7978.049333333333,155.5,118990,5.5,1996-03-01
5.22,8032.84,156.1,119156,5.6,1996-04-01
5.24,8065.696,156.4,119489,5.6,1996-05-01
5.27,8098.552000000001,156.7,119770,5.3,1996-06-01
5.4,8131.408,157.0,120015,5.5,1996-07-01
5.22,8174.195666666667,157.2,120201,5.1,1996-08-01
5.3,8216.983333333334,157.7,120402,5.2,1996-09-01
5.24,8259.771,158.2,120663,5.2,1996-10-01
5.31,8294.065666666667,158.7,120949,5.4,1996-11-01
5.29,8328.360333333334,159.1,121145,5.4,1996-12-01
5.25,8362.655,159.4,121363,5.3,1997-01-01
5.19,8414.711666666668,159.7,121675,5.2,1997-02-01
5.39,8466.768333333333,159.8,121989,5.2,1997-03-01
5.51,8518.825,159.9,122284,5.1,1997-04-01
5.5,8566.824333333334,159.9,122551,4.9,1997-05-01
5.56,8614.823666666667,160.2,122816,5.0,1997-06-01
5.52,8662.823,160.4,123112,4.9,1997-07-01
5.54,8697.184333333333,160.8,123092,4.8,1997-08-01
5.54,8731.545666666667,161.2,123577,4.9,1997-09-01
5.5,8765.907,161.5,123924,4.7,1997-10-01
5.52,8799.431333333332,161.7,124229,4.6,1997-11-01
5.5,8832.955666666667,161.8,124551,4.7,1997-12-01
5.56,8866.48,162.0,124813,4.6,1998-01-01
5.51,8900.886333333334,162.0,125019,4.6,1998-02-01
5.49,8935.292666666666,162.0,125164,4.7,1998-03-01
5.45,8969.699,162.2,125447,4.3,1998-04-01
5.49,9020.165,162.6,125847,4.4,1998-05-01
5.56,9070.631,162.8,126078,4.5,1998-06-01
5.54,9121.097,163.2,126208,4.5,1998-07-01
5.55,9178.728333333333,163.4,126547,4.5,1998-08-01
5.51,9236.359666666667,163.5,126745,4.6,1998-09-01
5.07,9293.991,163.9,126950,4.5,1998-10-01
4.83,9333.221333333333,164.1,127224,4.4,1998-11-01
4.68,9372.451666666668,164.4,127599,4.4,1998-12-01
4.63,9411.682,164.7,127704,4.3,1999-01-01
4.76,9449.858,164.7,128118,4.4,1999-02-01
4.81,9488.034,164.8,128234,4.2,1999-03-01
4.74,9526.21,165.9,128598,4.3,1999-04-01
4.74,9579.681999999999,166.0,128810,4.2,1999-05-01
4.76,9633.154,166.0,129088,4.3,1999-06-01
4.99,9686.626,166.7,129422,4.3,1999-07-01
5.07,9757.807,167.1,129569,4.2,1999-08-01
5.22,9828.988,167.8,129781,4.2,1999-09-01
5.2,9900.169,168.1,130179,4.1,1999-10-01
5.42,9934.172333333334,168.4,130466,4.1,1999-11-01
5.3,9968.175666666666,168.8,130780,4.0,1999-12-01
5.45,10002.179,169.3,131009,4.0,2000-01-01
5.73,10084.026,170.0,131120,4.1,2000-02-01
5.85,10165.873,171.0,131605,4.0,2000-03-01
6.02,10247.72,170.9,131884,3.8,2000-04-01
6.27,10271.201666666666,171.2,132106,4.0,2000-05-01
6.53,10294.683333333334,172.2,132060,4.0,2000-06-01
6.54,10318.165,172.7,132226,4.0,2000-07-01
6.5,10357.358,172.7,132231,4.1,2000-08-01
6.52,10396.551000000001,173.6,132356,3.9,2000-09-01
6.51,10435.744,173.9,132352,3.9,2000-10-01
6.51,10447.239666666666,174.2,132553,3.9,2000-11-01
6.4,10458.735333333334,174.6,132718,3.9,2000-12-01
5.98,10470.231,175.6,132698,4.2,2001-01-01
5.49,10513.154,176.0,132785,4.2,2001-02-01
5.31,10556.077,176.1,132753,4.3,2001-03-01
4.8,10599.0,176.4,132456,4.4,2001-04-01
4.21,10598.673333333334,177.3,132412,4.3,2001-05-01
3.97,10598.346666666666,177.7,132296,4.5,2001-06-01
3.77,10598.02,177.4,132171,4.6,2001-07-01
3.65,10618.835000000001,177.4,132024,4.9,2001-08-01
3.07,10639.65,178.1,131765,5.0,2001-09-01
2.49,10660.465,177.6,131452,5.3,2001-10-01
2.09,10701.476666666667,177.5,131142,5.5,2001-11-01
1.82,10742.488333333333,177.4,130985,5.7,2001-12-01
1.73,10783.5,177.7,130852,5.7,2002-01-01
1.74,10818.153333333334,178.0,130732,5.7,2002-02-01
1.73,10852.806666666665,178.5,130721,5.7,2002-03-01
1.75,10887.46,179.3,130617,5.9,2002-04-01
1.75,10919.653333333334,179.5,130633,5.8,2002-05-01
1.75,10951.846666666666,179.6,130683,5.8,2002-06-01
1.73,10984.04,180.0,130583,5.8,2002-07-01
1.74,11009.837666666668,180.5,130587,5.7,2002-08-01
1.75,11035.635333333334,180.8,130498,5.7,2002-09-01
1.75,11061.433,181.2,130621,5.7,2002-10-01
1.34,11098.998333333335,181.5,130618,5.9,2002-11-01
1.24,11136.563666666667,181.8,130470,6.0,2002-12-01
1.24,11174.129,182.6,130579,5.8,2003-01-01
1.26,11220.341333333334,183.6,130443,5.9,2003-02-01
1.25,11266.553666666667,183.9,130233,5.9,2003-03-01
1.26,11312.766,183.2,130176,6.0,2003-04-01
1.26,11397.400333333333,182.9,130197,6.1,2003-05-01
1.22,11482.034666666666,183.1,130192,6.3,2003-06-01
1.01,11566.669,183.7,130183,6.2,2003-07-01
1.03,11635.190666666667,184.5,130153,6.1,2003-08-01
1.01,11703.712333333333,185.1,130252,6.1,2003-09-01
1.01,11772.234,184.9,130439,6.0,2003-10-01
1.0,11822.638333333334,185.0,130482,5.8,2003-11-01
0.98,11873.042666666666,185.5,130595,5.7,2003-12-01
1.0,11923.447,186.3,130765,5.7,2004-01-01
1.01,11986.569666666666,186.7,130822,5.6,2004-02-01
1.0,12049.692333333334,187.1,131139,5.8,2004-03-01
1.0,12112.815,187.4,131410,5.6,2004-04-01
1.0,12176.979000000001,188.2,131694,5.6,2004-05-01
1.03,12241.143,188.9,131789,5.6,2004-06-01
1.26,12305.307,189.1,131849,5.5,2004-07-01
1.43,12379.276,189.2,131936,5.4,2004-08-01
1.61,12453.245,189.8,132082,5.4,2004-09-01
1.76,12527.214,190.8,132433,5.5,2004-10-01
1.93,12607.238,191.7,132509,5.4,2004-11-01
2.16,12687.262,191.7,132633,5.4,2004-12-01
2.28,12767.286,191.6,132778,5.3,2005-01-01
2.5,12819.076000000001,192.4,133033,5.4,2005-02-01
2.63,12870.866,193.1,133153,5.2,2005-03-01
2.79,12922.656,193.7,133516,5.2,2005-04-01
3.0,12995.984666666667,193.6,133687,5.1,2005-05-01
3.04,13069.313333333334,193.7,133940,5.0,2005-06-01
3.26,13142.642,194.9,134297,5.0,2005-07-01
3.5,13203.162666666667,196.1,134495,4.9,2005-08-01
3.62,13263.683333333332,198.8,134551,5.0,2005-09-01
3.78,13324.204,199.1,134644,5.0,2005-10-01
4.0,13415.856,198.1,135001,5.0,2005-11-01
4.16,13507.508,198.1,135161,4.9,2005-12-01
4.29,13599.16,199.3,135425,4.7,2006-01-01
4.49,13650.581333333334,199.4,135731,4.8,2006-02-01
4.59,13702.002666666667,199.7,136040,4.7,2006-03-01
4.79,13753.424,200.7,136211,4.7,2006-04-01
4.94,13792.345333333335,201.3,136247,4.6,2006-05-01
4.99,13831.266666666666,201.8,136328,4.6,2006-06-01
5.24,13870.188,202.9,136522,4.7,2006-07-01
5.25,13926.645333333334,203.8,136688,4.7,2006-08-01
5.25,13983.102666666666,202.8,136824,4.5,2006-09-01
5.25,14039.56,201.9,136848,4.4,2006-10-01
5.25,14098.257,202.0,137069,4.5,2006-11-01
5.24,14156.954,203.1,137253,4.4,2006-12-01
5.25,14215.651,203.437,137476,4.6,2007-01-01
5.26,14277.794666666667,204.226,137554,4.5,2007-02-01
5.26,14339.938333333334,205.288,137781,4.4,2007-03-01
5.25,14402.082,205.904,137843,4.5,2007-04-01
5.25,14456.093666666668,206.755,137993,4.4,2007-05-01
5.25,14510.105333333333,207.234,138072,4.6,2007-06-01
5.26,14564.117,207.603,138042,4.7,2007-07-01
5.02,14614.430666666667,207.667,138017,4.6,2007-08-01
4.94,14664.744333333334,208.547,138103,4.7,2007-09-01
4.76,14715.058,209.19,138174,4.7,2007-10-01
4.49,14712.218,210.834,138292,4.7,2007-11-01
4.24,14709.378,211.445,138398,5.0,2007-12-01
3.94,14706.538,212.174,138399,5.0,2008-01-01
2.98,14759.592333333334,212.687,138323,4.9,2008-02-01
2.61,14812.646666666666,213.448,138255,5.1,2008-03-01
2.28,14865.701,213.942,138038,5.0,2008-04-01
1.98,14876.800333333333,215.208,137847,5.4,2008-05-01
2.0,14887.899666666666,217.463,137689,5.6,2008-06-01
2.01,14898.999,219.016,137492,5.8,2008-07-01
2.0,14802.069,218.69,137209,6.1,2008-08-01
1.81,14705.139000000001,218.877,136758,6.1,2008-09-01
0.97,14608.209,216.995,136294,6.5,2008-10-01
0.39,14549.106666666667,213.153,135546,6.8,2008-11-01
0.16,14490.004333333334,211.398,134849,7.3,2008-12-01
0.15,14430.902,211.933,134069,7.8,2009-01-01
0.22,14414.346666666666,212.705,133311,8.3,2009-02-01
0.18,14397.791333333334,212.495,132493,8.7,2009-03-01
0.15,14381.236,212.709,131825,9.0,2009-04-01
0.18,14403.784666666666,213.022,131470,9.4,2009-05-01
0.21,14426.333333333334,214.79,131002,9.5,2009-06-01
0.16,14448.882,214.726,130661,9.5,2009-07-01
0.16,14516.337666666666,215.445,130480,9.6,2009-08-01
0.15,14583.793333333333,215.861,130240,9.8,2009-09-01
0.12,14651.249,216.509,130062,10.0,2009-10-01
0.12,14689.036,217.234,130059,9.9,2009-11-01
0.12,14726.823,217.347,129808,9.9,2009-12-01
0.11,14764.61,217.488,129798,9.8,2010-01-01
0.13,14836.471,217.281,129700,9.8,2010-02-01
0.16,14908.332,217.353,129864,9.9,2010-03-01
0.2,14980.193,217.403,130115,9.9,2010-04-01
0.2,15033.997666666666,217.29,130645,9.6,2010-05-01
0.18,15087.802333333333,217.199,130501,9.4,2010-06-01
0.18,15141.607,217.605,130420,9.4,2010-07-01
0.19,15197.562666666667,217.923,130424,9.5,2010-08-01
0.19,15253.518333333333,218.275,130339,9.5,2010-09-01
0.19,15309.474,219.035,130620,9.4,2010-10-01
0.19,15323.465333333334,219.59,130754,9.8,2010-11-01
0.18,15337.456666666667,220.472,130835,9.3,2010-12-01
0.17,15351.448,221.187,130842,9.1,2011-01-01
0.16,15420.145,221.898,131052,9.0,2011-02-01
0.14,15488.842,223.046,131277,9.0,2011-03-01
0.1,15557.539,224.093,131604,9.1,2011-04-01
0.09,15587.586000000001,224.806,131704,9.0,2011-05-01
0.09,15617.633,224.806,131936,9.1,2011-06-01
0.07,15647.68,225.395,131991,9.0,2011-07-01
0.1,15712.539666666667,226.106,132124,9.0,2011-08-01
0.08,15777.399333333333,226.597,132345,9.0,2011-09-01
0.07,15842.259,226.75,132557,8.8,2011-10-01
0.08,15917.774333333333,227.169,132701,8.6,2011-11-01
0.07,15993.289666666667,227.223,132901,8.5,2011-12-01
0.08,16068.805,227.842,133246,8.3,2012-01-01
0.1,16114.908333333333,228.329,133518,8.3,2012-02-01
0.13,16161.011666666667,228.807,133744,8.2,2012-03-01
0.14,16207.115,229.187,133827,8.2,2012-04-01
0.16,16244.590333333334,228.713,133935,8.2,2012-05-01
0.16,16282.065666666665,228.524,134007,8.2,2012-06-01
0.16,16319.541,228.59,134153,8.2,2012-07-01
0.13,16353.167,229.918,134330,8.1,2012-08-01
0.14,16386.793,231.015,134512,7.8,2012-09-01
0.16,16420.419,231.638,134671,7.8,2012-10-01
0.16,16496.342333333334,231.249,134834,7.7,2012-11-01
0.16,16572.265666666666,231.221,135075,7.9,2012-12-01
0.14,16648.189,231.679,135265,8.0,2013-01-01
0.15,16675.021666666667,232.937,135544,7.7,2013-02-01
0.14,16701.854333333333,232.282,135689,7.5,2013-03-01
0.15,16728.687,231.797,135876,7.6,2013-04-01
0.11,16803.737333333334,231.893,136091,7.5,2013-05-01
0.09,16878.787666666667,232.445,136269,7.5,2013-06-01
0.09,16953.838,232.9,136391,7.3,2013-07-01
0.08,17033.231666666667,233.456,136635,7.2,2013-08-01
0.08,17112.625333333333,233.544,136819,7.2,2013-09-01
0.09,17192.019,233.669,137039,7.2,2013-10-01
0.08,17193.925333333333,234.1,137314,6.9,2013-11-01
0.09,17195.83166666667,234.719,137368,6.7,2013-12-01
0.07,17197.738,235.288,137552,6.6,2014-01-01
0.07,17304.661333333333,235.547,137707,6.7,2014-02-01
0.08,17411.58466666667,236.028,137986,6.7,2014-03-01
0.09,17518.508,236.468,138298,6.2,2014-04-01
0.09,17613.748,236.918,138501,6.3,2014-05-01
0.1,17708.988,237.231,138833,6.1,2014-06-01
0.09,17804.228,237.498,139076,6.2,2014-07-01
0.09,17840.178333333333,237.46,139258,6.1,2014-08-01
0.09,17876.128666666667,237.477,139563,5.9,2014-09-01
0.09,17912.079,237.43,139805,5.7,2014-10-01
0.09,17962.562333333335,236.983,140089,5.8,2014-11-01
0.12,18013.045666666665,236.252,140366,5.6,2014-12-01
0.11,18063.529,234.747,140562,5.7,2015-01-01
0.11,18135.613999999998,235.342,140829,5.5,2015-02-01
0.11,18207.699,235.976,140924,5.4,2015-03-01
0.12,18279.784,236.222,141202,5.4,2015-04-01
0.12,18320.398,237.001,141540,5.6,2015-05-01
0.13,18361.012,237.657,141695,5.3,2015-06-01
0.13,18401.626,238.034,141989,5.2,2015-07-01
0.14,18412.796333333332,238.033,142130,5.1,2015-08-01
0.14,18423.966666666667,237.498,142265,5.0,2015-09-01
0.12,18435.137,237.733,142585,5.0,2015-10-01
0.12,18465.40233333333,238.017,142810,5.1,2015-11-01
0.24,18495.667666666668,237.761,143083,5.0,2015-12-01
0.34,18525.933,237.652,143198,4.8,2016-01-01
0.38,18587.856,237.336,143410,4.9,2016-02-01
0.36,18649.779000000002,238.08,143666,5.0,2016-03-01
0.37,18711.702,238.992,143856,5.1,2016-04-01
0.37,18772.014333333333,239.557,143901,4.8,2016-05-01
0.38,18832.326666666668,240.222,144152,4.9,2016-06-01
0.39,18892.639,240.101,144515,4.8,2016-07-01
0.4,18958.219,240.545,144664,4.9,2016-08-01
0.4,19023.799,241.176,144961,5.0,2016-09-01
0.4,19089.379,241.741,145069,4.9,2016-10-01
0.41,19152.947333333334,242.026,145189,4.7,2016-11-01
0.54,19216.515666666666,242.637,145408,4.7,2016-12-01
0.65,19280.084,243.618,145639,4.7,2017-01-01
0.66,19332.936999999998,244.006,145845,4.6,2017-02-01
0.79,19385.79,243.892,145975,4.4,2017-03-01
0.9,19438.643,244.193,146172,4.4,2017-04-01
0.91,19523.29366666667,244.004,146389,4.4,2017-05-01
1.04,19607.944333333333,244.163,146588,4.3,2017-06-01
1.15,19692.595,244.243,146772,4.3,2017-07-01
1.16,19807.426,245.183,146907,4.4,2017-08-01
1.15,19922.257,246.435,146999,4.3,2017-09-01
1.15,20037.088,246.626,147147,4.2,2017-10-01
1.16,20134.243,247.284,147377,4.2,2017-11-01
1.3,20231.398,247.805,147521,4.1,2017-12-01
1.41,20328.553,248.859,147670,4.0,2018-01-01
1.42,20412.672666666665,249.529,148058,4.1,2018-02-01
1.51,20496.792333333335,249.577,148281,4.0,2018-03-01
1.69,20580.912,250.227,148426,4.0,2018-04-01
1.7,20653.518,250.792,148755,3.8,2018-05-01
1.82,20726.124,251.018,148966,4.0,2018-06-01
1.91,20798.73,251.214,149022,3.8,2018-07-01
1.91,20838.442333333332,251.663,149272,3.8,2018-08-01
1.95,20878.154666666665,252.182,149361,3.7,2018-09-01
2.19,20917.867,252.772,149526,3.8,2018-10-01
2.2,20979.955666666665,252.594,149622,3.8,2018-11-01
2.27,21042.044333333335,252.767,149805,3.9,2018-12-01
2.4,21104.133,252.718,150114,4.0,2019-01-01
2.4,21197.680333333334,253.322,150092,3.8,2019-02-01
2.41,21291.22766666667,254.202,150320,3.8,2019-03-01
2.42,21384.775,255.211,150563,3.7,2019-04-01
2.39,21487.944,255.29,150630,3.6,2019-05-01
2.38,21591.113,255.159,150797,3.6,2019-06-01
2.4,21694.282,255.685,150879,3.7,2019-07-01
2.13,21763.65133333333,256.059,151111,3.6,2019-08-01
2.04,21833.020666666667,256.511,151318,3.5,2019-09-01
1.83,21902.39,257.244,151447,3.6,2019-10-01
1.55,21837.097666666665,257.803,151662,3.6,2019-11-01
1.55,21771.805333333334,258.616,151764,3.6,2019-12-01
1.55,21706.513,259.037,152098,3.6,2020-01-01
1.58,21108.722999999998,259.248,152371,3.5,2020-02-01
0.65,20510.933,258.124,150944,4.4,2020-03-01
0.05,19913.143,256.092,130430,14.8,2020-04-01
0.05,20491.308666666668,255.868,133055,13.2,2020-05-01
0.08,21069.47433333333,256.986,137620,11.0,2020-06-01
0.09,21647.64,258.278,139064,10.2,2020-07-01
0.1,21773.260666666665,259.411,140799,8.4,2020-08-01
0.09,21898.881333333335,260.029,141760,7.8,2020-09-01
0.09,22024.502,260.286,142479,6.8,2020-10-01
0.09,22216.396333333334,260.813,142743,6.7,2020-11-01
0.09,22408.290666666668,262.035,142475,6.7,2020-12-01
0.09,22600.185,262.65,142969,6.4,2021-01-01
0.08,22830.910666666667,263.638,143544,6.2,2021-02-01
0.07,23061.636333333336,264.914,144328,6.1,2021-03-01
0.07,23292.362,266.67,144614,6.1,2021-04-01
0.06,23471.232333333333,268.444,145096,5.8,2021-05-01
0.08,23650.10266666667,270.559,145789,5.9,2021-06-01
0.1,23828.973,271.764,146558,5.4,2021-07-01
0.09,24104.183,272.87,147221,5.1,2021-08-01
0.08,24379.393,274.028,147778,4.7,2021-09-01
0.08,24654.603,276.522,148559,4.5,2021-10-01
0.08,24779.440666666665,278.711,149173,4.1,2021-11-01
0.08,24904.278333333335,280.887,149742,3.9,2021-12-01
0.08,25029.116,282.599,150106,4.0,2022-01-01
0.08,25200.835000000003,284.61,151010,3.8,2022-02-01
0.2,25372.554,287.472,151424,3.6,2022-03-01
0.33,25544.273,288.611,151678,3.7,2022-04-01
0.77,25694.395,291.268,152042,3.6,2022-05-01
1.21,25844.517,294.728,152412,3.6,2022-06-01
1.68,25994.639,294.628,152980,3.5,2022-07-01
2.33,26132.560999999998,295.32,153332,3.6,2022-08-01
2.56,26270.483,296.539,153682,3.5,2022-09-01
3.08,26408.405,297.987,154006,3.6,2022-10-01
3.78,26543.47033333333,298.598,154296,3.6,2022-11-01
4.1,26678.535666666667,298.99,154535,3.5,2022-12-01
4.33,26813.601,300.536,155007,3.4,2023-01-01
4.57,26896.737999999998,301.648,155255,3.6,2023-02-01
4.65,26979.875,301.808,155472,3.5,2023-03-01
4.83,27063.012,302.918,155689,3.4,2023-04-01
5.06,27245.384,303.294,155970,3.7,2023-05-01
5.08,27427.756,303.841,156075,3.6,2023-06-01
5.12,27610.128,304.348,156311,3.5,2023-07-01
5.33,27719.695666666667,306.269,156476,3.8,2023-08-01
5.33,27829.263333333332,307.481,156738,3.8,2023-09-01
5.33,27938.831,307.619,156843,3.8,2023-10-01
5.33,27938.831,307.917,157016,3.7,2023-11-01
5.33,27938.831,308.85,157232,3.7,2023-12-01
